# url	tema	idioma
https://www.musical-u.com/learn/how-to-improvise-on-guitar-3-simple-steps/	fundamentos	en
https://www.guitareo.com/riff/improvising-guitar-solos-guide/	fundamentos	en
https://weissguitar.com/the_art_of_guitar_improvisation/	fundamentos	en
https://www.bennysutton.com/Lead_Guitar_Tutorials/How_To_Improvise_Lead_Guitar	fundamentos	en
https://www.stringkick.com/blog-lessons/guitar-improvisation/	fundamentos	en
https://www.study-guitar.com/blog/9-ways-to-improve-your-guitar-improvisation/	fundamentos	en
https://tomhess.net/master-lead-guitar-improvising	fundamentos	en
https://blog.truefire.com/guitar-lessons/guitar-improvisation-tips-unlock-your-potential/	fundamentos	en
https://sheshreds.com/?p=40565	fundamentos	en
https://guitarlessons.com/guitar-lessons/lead-guitar-quick-start-series/how-to-play-a-guitar-solo/	fundamentos	en
https://guitarworld.com/lessons/rut-busters-guitarists-part-3-8-phrasing	fraseado	en
https://blog.artistworks.com/?p=8459	fraseado	en
https://www.riffhard.com/how-to-improve-phrasing-on-guitar/	fraseado	en
https://blackstaramps.com/lessons/basics-of-lead-guitar-phrasing/	fraseado	en
https://blog.truefire.com/guitar-lessons/guitar-phrasing/	fraseado	en
https://bennysutton.com/guitar/How-To-Make-Your-Lead-Guitar-Solo-Pop	fraseado	en
https://jazzguitartoday.com/2021/03/helpful-phrasing-and-motivic-development-tips	fraseado	en
https://www.kuraplan.com/nz//plans/crafting-expressive-solos--44be2527	fraseado	en
https://www.premierguitar.com/articles/Blues_Basics_Saying_More_With_Less	fraseado	en
https://www.musictheoryforguitar.com/pentatonic-chord-tone-soloing	notas-alvo	en
https://jgmusiclessons.com/how-to-use-chord-tones-to-get-better-at-improvising/	notas-alvo	en
https://blog.truefire.com/?p=19389	notas-alvo	en
https://blog.truefire.com/?p=20309	notas-alvo	en
https://www.londonguitaracademy.com/target-notes	notas-alvo	en
https://www.londonguitaracademy.com/guitar-solos	fundamentos	en
https://arxiv.org/html/2510.19666v1	notas-alvo	en
https://www.premierguitar.com/beyond-blues-how-to-use-guide-tones	notas-alvo	en
https://www.fundamental-changes.com/targeting-chord-tones/	notas-alvo	en
https://www.fretjam.com/how-to-solo-over-chord-changes.html	notas-alvo	en
https://www.notreble.com/?p=3775	notas-alvo	en
https://jazzguitartoday.com/2023/12/how-to-approach-note-soloing-part-1/	notas-alvo	en
https://www.premierguitar.com/lessons/scales/pentatonic-escape-routes	pentatonica	en
https://www.premierguitar.com/articles/22582-fretboard-workshop-revisualize-the-pentatonic-scale	pentatonica	en
https://www.premierguitar.com/lessons/rock/pentatonic-boxes-are-for-squares	pentatonica	en
https://guitarworld.com/lessons/break-out-of-the-pentatonic-box	pentatonica	en
https://www.guitarplayer.com/lessons/beyond-the-box-five-phrases-to-get-you-out-of-the-pentatonic-rut	pentatonica	en
https://www.pickupmusic.com/blog/soloing-with-caged	braco	en
https://www.pickupmusic.com/blog/what-is-the-caged-system	braco	en
https://www.musicradar.com/how-to/12-bar-blues-guitar-solo-lesson	blues	en
https://acousticguitar.com/blues-soloing-basics-learn-to-improvise-on-the-12-bar-minor-pentatonic-scale/	blues	en
https://www.bluesguitarinstitute.com/actually-use-minor-pentatonic-scale-play-blues-solo	blues	en
https://www.bluesguitarinstitute.com/play-changes-12-bar-blues/	blues	en
https://www.premierguitar.com/articles/23426-beyond-blues-matt-schofields-sophisticated-solos	blues	en
https://musicradar.com/how-to/bend-in-tune-on-guitar	tecnica	en
https://www.fundamental-changes.com/?p=3331	tecnica	en
https://pickupmusic.com/blog/guitar-techniques-bending-and-vibrato	tecnica	en
https://www.premierguitar.com/lessons/kick-out-the-jams-using-the-wrong-mode-in-the-right-way	modos	en
https://orphiq.com/resources/music-modes-explained	modos	en
https://www.jazzadvice.com/lessons/the-3-secrets-to-transcribing-jazz-solos/	ouvido	en
https://www.jazzadvice.com/?p=11773	ouvido	en
https://www.jazzadvice.com/?p=1873	ouvido	en
https://www.jazzadvice.com/?p=293	ouvido	en
https://blog.uvm.edu/tgcleary/?p=242	ouvido	en
https://phildegreg.com/teaching/free-practice-materials/transcription/	ouvido	en
https://tagteam.harvard.edu/hub_feeds/2516/feed_items/2130398	ouvido	en
https://en.wikipedia.org/wiki/Musical_improvisation	referencia	en
https://en.wikipedia.org/wiki/Guitar_solo	referencia	en
https://en.wikipedia.org/wiki/Pentatonic_scale	referencia	en
https://en.wikipedia.org/wiki/Blues_scale	referencia	en
https://en.wikipedia.org/wiki/Call_and_response_(music)	referencia	en
https://en.wikipedia.org/wiki/Lick_(music)	referencia	en
https://en.wikipedia.org/wiki/Mode_(music)	referencia	en
https://en.wikipedia.org/wiki/Twelve-bar_blues	referencia	en
https://en.wikipedia.org/wiki/Arpeggio	referencia	en
https://en.wikipedia.org/wiki/Bend_(music)	referencia	en
https://en.wikipedia.org/wiki/Vibrato	referencia	en
https://en.wikipedia.org/wiki/Motif_(music)	referencia	en
https://en.wikipedia.org/wiki/Chord-scale_system	referencia	en
https://en.wikipedia.org/wiki/Jazz_improvisation	referencia	en
https://en.wikipedia.org/wiki/Blue_note	referencia	en
https://en.wikipedia.org/wiki/Phrase_(music)	referencia	en
https://en.wikipedia.org/wiki/Enclosure_(music)	referencia	en
https://en.wikipedia.org/wiki/Transcription_(music)	referencia	en
https://www.prp.unicamp.br/pibic/congressos/xvcongresso/cdrom/pdfN/150.pdf	academico	pt
https://www.academiamusical.com.pt/tutoriais/guitarra/melhore-o-seu-improviso-na-guitarra-c-videoaula/	fundamentos	pt
https://www.academiamusical.com.pt/tutoriais/guitarra/como-improvisar-na-guitarra/	fundamentos	pt
https://blog.guitarpedia.com.br/improvisar-com-a-pentatonica-aula-de-guitarra-para-iniciantes/	pentatonica	pt
https://www.superprof.com.br/blog/aprenda-a-improvisar-na-guitarra/	fundamentos	pt
https://tomhess.net/ImprovingYourPhrasingPart3.aspx/pt	fraseado	pt
https://cifranota.com/blog/escala-pentatonica/	pentatonica	pt
https://tocandoguitarraeviolao.wordpress.com/2026/08/29/passos-para-improvisar-na-guitarra-conectando-escalas-pentatonicas-arpejos-campo-harmonico-ritmo-e-fraseado/	fundamentos	pt
https://tocandoguitarraeviolao.wordpress.com/2026/08/25/escalas-pentatonicas-na-guitarra-como-aprender-aplicar-e-criar-solos-melhores/	pentatonica	pt
https://pt.wikipedia.org/wiki/Improvisação_musical	referencia	pt
https://pt.wikipedia.org/wiki/Escala_pentatônica	referencia	pt
https://pt.wikipedia.org/wiki/Escala_blues	referencia	pt
https://pt.wikipedia.org/wiki/Modos_gregos	referencia	pt
https://pt.wikipedia.org/wiki/Campo_harmônico	referencia	pt
https://pt.wikipedia.org/wiki/Arpejo	referencia	pt
https://web.archive.org/web/2016/http://www.jazzbooks.com/mm5/download/FQBK-handbook.pdf	jazz	en
https://repositorio.ufu.br/bitstream/123456789/38620/1/Estrat%c3%a9giasExplorarEstrutura.pdf	academico	pt
